<?xml version="1.0" encoding="UTF-8" ?>
<!DOCTYPE mapper
PUBLIC "-//mybatis.org//DTD Mapper 3.0//EN"
"http://mybatis.org/dtd/mybatis-3-mapper.dtd">
<mapper namespace="com.bdqn.zhang.dao.BookMapper">
    <resultMap type="Book" id="BookResult">
        <id     property="id"               column="id"         />
        <result property="name"             column="name"         />
        <result property="price"            column="price"      />
        <result property="storageTime"      column="storage_time"       />
        <result property="delFlag"          column="del_flag"        />
        <result property="createBy"         column="create_by"       />
        <result property="createTime"       column="create_time"     />
        <result property="updateBy"         column="update_by"       />
        <result property="updateTime"       column="update_time"     />
        <result property="remark"           column="remark"          />
    </resultMap>

    <select id="getAll" resultMap="BookResult">
       select * from book;
    </select>

    <select id="count" resultType="int">
        select count(1) from book where del_flag = '0';
    </select>

    <select id="getOne" parameterType="Integer" resultMap="BookResult">
        select * from book where id = #{id};
    </select>

    <insert id="add" parameterType="Book" useGeneratedKeys="true" keyProperty="id">
        insert into book(
        <if test="name != null and deptId != 0">name,</if>
        <if test="price != null and loginName != ''">price,</if>
        <if test="storageTime != null and userName != ''">storage_time,</if>
        <if test="createBy != null and createBy != ''">create_by,</if>
        <if test="remark != null and remark != ''">remark,</if>
        create_time
        )values(
        <if test="name != null and name != ''">#{name},</if>
        <if test="price != null and price != ''">#{price},</if>
        <if test="storageTime != null and storageTime != ''">#{storageTime},</if>
        <if test="createBy != null and createBy != ''">#{createBy},</if>
        <if test="remark != null and remark != ''">#{remark},</if>
        sysdate()
        )
    </insert>

    <update id="updateUser" parameterType="Book">
        update book
        <set>
            <if test="name != null and name != 0">name = #{name},</if>
            <if test="price != null and price != ''">price = #{price},</if>
            <if test="storageTime != null and storageTime != ''">storage_time = #{storageTime},</if>
            <if test="updateBy != null and updateBy != ''">update_by = #{updateBy},</if>
            <if test="remark != null">remark = #{remark},</if>
            update_time = sysdate()
        </set>
        where user_id = #{userId}
    </update>

    <delete id="deleteUserById" parameterType="Long">
        update book set del_flag = '1' where id = #{id}
    </delete>



</mapper>